{"0-0-001-05584": {"UID": 857870592, "Timestamp": 1614432853, "Division": 0, "RoundType": 0, "RoundNumber": 1, "TeamNumber": 5584, "Alliance": 1, "Auto-InitiationLine": true, "Auto-TopBalls": 5, "Auto-BottomBalls": 2, "Teleop-TopBalls": 16, "Teleop-BottomBalls": 3, "Teleop-ColorWheelRotation": true, "Teleop-ColorWheelPosition": true, "Teleop-Climb": 2, "Teleop-Switch": true, "Fouls": 3, "TechFouls": 2, "StartHash": 255, "Hash": 18446744073709551615, "End": 0}, "0-0-002-05584": {"UID": 857870592, "Timestamp": 1614432877, "Division": 0, "RoundType": 0, "RoundNumber": 2, "TeamNumber": 5584, "Alliance": 0, "Auto-InitiationLine": true, "Auto-TopBalls": 16, "Auto-BottomBalls": 2, "Teleop-TopBalls": 32, "Teleop-BottomBalls": 4, "Teleop-ColorWheelRotation": true, "Teleop-ColorWheelPosition": true, "Teleop-Climb": 1, "Teleop-Switch": false, "Fouls": 1, "TechFouls": 5, "StartHash": 255, "Hash": 18446744073709551615, "End": 0}, "0-0-003-05584": {"UID": 857870592, "Timestamp": 1614474379, "Division": 0, "RoundType": 0, "RoundNumber": 3, "TeamNumber": 5584, "Alliance": 0, "Auto-InitiationLine": true, "Auto-TopBalls": 70, "Auto-BottomBalls": 27, "Teleop-TopBalls": 1, "Teleop-BottomBalls": 2, "Teleop-ColorWheelRotation": true, "Teleop-ColorWheelPosition": true, "Teleop-Climb": 2, "Teleop-Switch": true, "Fouls": 16, "TechFouls": 53, "StartHash": 255, "Hash": 18446744073709551615, "End": 0}}